{"saved_at":1782265560,"data":{"list":[{"dt":1782259200,"main":{"temp_max":28.39999999999999857891452847979962825775146484375,"temp_min":13.0999999999999996447286321199499070644378662109375},"weather":[{"description":"Sunny","icon":"01d"}],"pop":0.01000000000000000020816681711721685132943093776702880859375,"rain":{"3h":0}},{"dt":1782345600,"main":{"temp_max":29.5,"temp_min":14.199999999999999289457264239899814128875732421875},"weather":[{"description":"Sunny","icon":"01d"}],"pop":0.01000000000000000020816681711721685132943093776702880859375,"rain":{"3h":0}},{"dt":1782432000,"main":{"temp_max":29.10000000000000142108547152020037174224853515625,"temp_min":14.0999999999999996447286321199499070644378662109375},"weather":[{"description":"Sunny","icon":"01d"}],"pop":0.01000000000000000020816681711721685132943093776702880859375,"rain":{"3h":0}}],"fallback":false}}