{"saved_at":1782267585,"data":{"main":{"temp":13.800000000000000710542735760100185871124267578125,"temp_min":11.800000000000000710542735760100185871124267578125,"temp_max":15.800000000000000710542735760100185871124267578125,"humidity":50,"pressure":1018},"weather":[{"description":"Clear","icon":"01n"}],"wind":{"speed":1.6999999999999999555910790149937383830547332763671875},"visibility":10000,"fallback":false}}